Workbook

Sheet Cover
C21: 5JEM2-TALLGRASS UNIT 2
C24: MODULE NO.MD-1.1
C26: TP No. CT9-AC-MD-1.1-MBH02

Sheet Sheet1
D1: PRESSURE TEST INFORMATION
A10: Client | D10: CIMTAS (NINGBO) STEELPROCESSING.CO.,LTD. | F10: Report No. | H10: CT9-AC-MD-1.1-MBH02
A13: Project Name | D13: 5JEM2-TALLGRASS UNIT 2 | F13: Project No. | H13: CT9
A16: Block/Module No. | D16: MD-1.1 | F16: Location | H16: On Module MBH02AA701-KD01
A19: Piping System | D19: 24A0A | F19: Test Package No. | H19: CT9-AC-MD-1.1-MBH02
A22: Piping Name | D22: INSTRUMENT AIR PIPING | F22: P&ID No. | H22: See line List
A25: Test Medium | D25: Nitrogen (N2) | F25: Insulation Spec. | H25: N/A
A28: Design Pressure | D28: 1.03 / 10.3 | E28: Mpag / bar | F28: Insulation Thk. | H28: N/A
A31: Design Temp. | D31: 60 | E31: ˚C
A34: Fluid Code | D34: IA, INSTRUMENT AIR
A37: Pipe Material | D37: A312-TP304
A40: Test Pressure | D40: 12.63 | E40: bar(g.)
A43: Holding Time | D43: 10 | E43: min.
A99: 0 | C99: ISSUED FOR TEST | F99: =TODAY() -> 46322 | G99: TAWEESAK J. | H99: PUNLOP M. | I99: MINU LEE
A101: REV. | C101: DESCRIPTION | F101: DATE | G101: PREPARED BY | H101: REVIEW BY | I101: APPROVED BY
A103: REVISION NOTE
A105: PREPARED BY | E105: TEST/INSPECTOR BY | G105: TESTING APPROVED BY
A107: Taweesak J.
A111: (BJCHI ENGINEERING) | E111: (BJCHI QC/INSPECTOR) | G111: (CIMTAS REPRESENTIVE)
A114: =TODAY() -> 46322 | E114: / / | G114: / /
A115: ------------------------------------------------------- | E115: ---------------------------------------------------------------- | G115: --------------------------------------------------------------------
A116: DATE | E116: DATE | G116: DATE

Sheet Sheet2
E1: TEST PACK CONTENT CHECK LIST
A10: Project Name | E10: =Sheet1!D13 -> 5JEM2-TALLGRASS UNIT 2 | G10: Test Package No. | J10: =Sheet1!H$10 -> CT9-AC-MD-1.1-MBH02
A13: Description | E13: CONTENT LIST | G13: Module Name | J13: =Sheet1!D16 -> MD-1.1
A16: System Name | E16: =Sheet1!D$22 -> INSTRUMENT AIR PIPING | G16: Piping System | J16: =Sheet1!D$19 -> 24A0A
A21: SECTION | C21: CONTENT LIST | J21: VERIFY
A24: 1 | C24: Revalant P&ID | J24: YES | K24: N/A
A27: 2 | C27: Line list | J27: YES | K27: N/A
A30: 3 | C30: General Arrangement/Isometric Drawing/Pipe Support | J30: YES | K30: N/A
A33: 4 | C33: Piping welding tracebility recoed (welding history sheet report) | J33: YES | K33: N/A
A36: 5 | C36: NDE report | J36: YES | K36: N/A
A39: 6 | C39: Inspection recoed of flange joint assembly & sprial wound gasket tightening | J39: YES | K39: N/A
A42: 7 | C42: Dimension verification record (A3) | J42: YES | K42: N/A
A45: 8 | C45: Piping Pneumatic/hydro-test preparation checklist (Pre-test checklist) | J45: YES | K45: N/A
A48: 9 | C48: Pressure gauge calibration certification | J48: YES | K48: N/A
A51: 10 | C51: Pressure-test report | J51: YES | K51: N/A
A54: 11 | C54: Paint inspection report (TOUCH-UP) | J54: YES | K54: N/A
A57: 12 | C57: Insulation check list | J57: YES | K57: N/A
... A66: 15 | C66: Punch list | J66: YES | K66: N/A

Sheet SECTION #1
D1: SECTION #1
A10: Project Name | D10: =Sheet1!D13 -> 5JEM2-TALLGRASS UNIT 2 | G10: Test Package No. | I10: =Sheet2!J10 -> CT9-AC-MD-1.1-MBH02
A13: Description | D13: Revalant P&ID | G13: =Sheet2!G13 -> Module Name | I13: =Sheet2!J13 -> MD-1.1
A16: System Name | D16: =Sheet2!E16 -> INSTRUMENT AIR PIPING | G16: Piping System | I16: =Sheet2!J16 -> 24A0A
C66: N/A

Sheet SECTION #2
D1: SECTION #2
A10: Project Name | D10: =Sheet1!D13 -> 5JEM2-TALLGRASS UNIT 2 | G10: Test Package No. | I10: =Sheet2!J10 -> CT9-AC-MD-1.1-MBH02
A13: Description | D13: Line List | G13: =Sheet2!G13 -> Module Name | I13: =Sheet2!J13 -> MD-1.1
A16: System Name | D16: =Sheet2!E16 -> INSTRUMENT AIR PIPING | G16: Piping System | I16: =Sheet2!J16 -> 24A0A

Sheet ISO INDEX
H1: TEST PACK ISOMETRIC INDEX
A12: Project Name | F12: =Sheet1!D$13 -> 5JEM2-TALLGRASS UNIT 2 | AO12: Test Package No. | AT12: =Sheet1!H10 -> CT9-AC-MD-1.1-MBH02
A15: Description | F15: Line List | AO15: =Sheet2!G13 -> Module Name | AP15: Module Name | AT15: =Sheet2!J13 -> MD-1.1
A18: System Name | B18: System Name | F18: =Sheet1!D$22 -> INSTRUMENT AIR PIPING | AO18: Piping System | AP18: System Name | AT18: =Sheet1!D$19 -> 24A0A
A21: No. | C21: ISOMETRIC DRAWING | J21: PID DRAWING | Q21: MODULE No. | S21: LINE No. | U21: SPOOL No. | Z21: FLUID | AB21: DESIGN PRESSURE (Mpag / bar) | AD21: DESIGN TEMPERATURE (˚C) | AF21: TEST PRESSURE (bar) | AH21: TEST TYPE | AJ21: MATERIAL | AO21: INSULATION | AT21: PIPE NPD (IN) | AX21: REMARK
C24: DRAWING No. | H24: SHT. | I24: REV. | J24: DRAWING No. | O24: SHT. | P24: REV. | AO24: SPEC | AQ24: THK(MM)
A27: 1 | C27: N05-003580 | H27: 1 of 2 | I27: 0 | J27: - | O27: - | P27: - | Q27: =Sheet1!D$16 -> MD-1.1 | S27: **MBH02AA701-KD01 | U27: - | Z27: INSTRUMENT AIR PIPING | AB27: 1.03 / 10.3 | AD27: 60 | AF27: 12.36 | AH27: P | AJ27: A240-TP304 | AO27: N/A | AQ27: N/A | AT27: 1.5, 1
A28: 2 | C28: N05-003580 | H28: 2 of 2 | I28: 0 | J28: - | O28: - | P28: - | Q28: =Sheet1!D$16 -> MD-1.1 | S28: **MBH02AA701-KD01 | U28: - | Z28: INSTRUMENT AIR PIPING | AB28: 1.03 / 10.3 | AD28: 60 | AF28: 12.36 | AH28: P | AJ28: A240-TP304 | AO28: N/A | AQ28: N/A | AT28: 1.5, 1
AT49: LEGEND
AT50: (H) HYDRO (P) PNEUMATIC

Sheet SECTION #3
D1: SECTION #3
A10: Project Name | D10: =Sheet1!D13 -> 5JEM2-TALLGRASS UNIT 2 | G10: Test Package No. | I10: =Sheet1!H$10 -> CT9-AC-MD-1.1-MBH02
A13: Description | D13: General Arrangement / Isometric Drawing / Pipe Support | G13: =Sheet2!G13 -> Module Name | I13: =Sheet2!J13 -> MD-1.1
A16: System Name | D16: =Sheet1!D$22 -> INSTRUMENT AIR PIPING | G16: Piping System | I16: =Sheet1!D$19 -> 24A0A

Sheet SECTION #4
D1: SECTION #4
A10: Project Name | D10: =Sheet1!D13 -> 5JEM2-TALLGRASS UNIT 2 | G10: Test Package No. | I10: =Sheet1!H$10 -> CT9-AC-MD-1.1-MBH02
A13: Description | D13: Piping Welding Traceability Record (WHS) | G13: =Sheet2!G13 -> Module Name | I13: =Sheet2!J13 -> MD-1.1
A16: System Name | D16: =Sheet1!D$22 -> INSTRUMENT AIR PIPING | G16: Piping System | I16: =Sheet1!D$19 -> 24A0A
C66: N/A

Sheet SECTION #5
D1: SECTION #5
A10: Project Name | D10: =Sheet1!D13 -> 5JEM2-TALLGRASS UNIT 2 | G10: Test Package No. | I10: =Sheet1!H$10 -> CT9-AC-MD-1.1-MBH02
A13: Description | D13: NDE Report | G13: =Sheet2!G13 -> Module Name | I13: =Sheet2!J13 -> MD-1.1
A16: System Name | D16: =Sheet1!D$22 -> INSTRUMENT AIR PIPING | G16: Piping System | I16: =Sheet1!D$19 -> 24A0A
C66: N/A

Sheet SECTION #7
D1: SECTION #7
A10: Project Name | D10: =Sheet1!D13 -> 5JEM2-TALLGRASS UNIT 2 | G10: Test Package No. | I10: =Sheet1!H$10 -> CT9-AC-MD-1.1-MBH02
A13: Description | D13: Dimension Verification Record (A3) | G13: =Sheet2!G13 -> Module Name | I13: =Sheet2!J13 -> MD-1.1
A16: System Name | D16: =Sheet1!D$22 -> INSTRUMENT AIR PIPING | G16: Piping System | I16: =Sheet1!D$19 -> 24A0A

Sheet SECTION #6
D1: SECTION #6
A10: Project Name | D10: =Sheet1!D13 -> 5JEM2-TALLGRASS UNIT 2 | G10: Test Package No. | I10: =Sheet1!H$10 -> CT9-AC-MD-1.1-MBH02
A13: Description | D13: Inspection Record of Flange Joint Assembly & Spiral Would Gasket | G13: =Sheet2!G13 -> Module Name | I13: =Sheet2!J13 -> MD-1.1
A16: System Name | D16: =Sheet1!D$22 -> INSTRUMENT AIR PIPING | G16: Piping System | I16: =Sheet1!D$19 -> 24A0A
C66: N/A

Sheet SECTION #8
D1: SECTION #8
A10: Project Name | D10: =Sheet1!D13 -> 5JEM2-TALLGRASS UNIT 2 | G10: Test Package No. | I10: =Sheet1!H$10 -> CT9-AC-MD-1.1-MBH02
A13: Description | D13: Piping Pneumatic / Hydro Test Prepration Check List (Pre-test Check List) | G13: =Sheet2!G13 -> Module Name | I13: =Sheet2!J13 -> MD-1.1
A16: System Name | D16: =Sheet1!D$22 -> INSTRUMENT AIR PIPING | G16: Piping System | I16: =Sheet1!D$19 -> 24A0A

Sheet Sheet5
R1: PRESSURE TEST PACK CHECKLIST
A11: CLIENT: | I11: =Sheet1!D$10 -> CIMTAS (NINGBO) STEELPROCESSING.CO.,LTD. | AH11: REPORT NO. | AN11: =Sheet1!H10 -> CT9-AC-MD-1.1-MBH02
A14: PROJECT NO: | I14: =Sheet1!H$13 -> CT9 | AH14: PAGES: | AN14: 1 of 1
A17: PROJECT TITLE: | I17: =Sheet1!D$13 -> 5JEM2-TALLGRASS UNIT 2 | AH17: INSPC' DATE: | AN17: 46028
A20: BLOCK/MODULE NAME/NO: | I20: =Sheet2!J13 -> MD-1.1 | AH20: LOCATION: | AN20: BJCHI
A23: PRESSURE TEST PACKAGE NO: | I23: =Sheet1!H$10 -> CT9-AC-MD-1.1-MBH02 | AH23: TEST STAGE:
A26: PRESSURE TEST METHOD | I26: HYDROSTATIC TEST PNEUMATIC TEST | AH26: ISOMETRIC NO: | AN26: LM-03050 Rev.2
A29: DOCUMENT CHECKLIST | U29: TEST PREPRATION CHECKLIST
A32: ITEM NO. | D32: DOCUMENT DESCRIPTION | R32: STATUS | U32: ITEM NO. | X32: TEST ITEM DESCRIPTION | AN32: STATUS | AQ32: REMARKS
R35: YES | S35: NO | T35: N/A | AN35: YES | AO35: NO | AP35: N/A
A38: 1 | D38: Test Pack Line List | R38: / | U38: 1 | X38: Check correct gaskets & bolts are fitted at all mechaniccal joints | AP38: /
A41: 2 | D41: Drawing List and Correct Revision No's | R41: / | U41: 2 | X41: Check Fitting are correct rating to specification | AN41: /
A44: 3 | D44: P&ID Drawing and P&ID List | T44: / | U44: 3 | X44: Check all Flanged has correctly alligned | AN44: /
A47: 4 | D47: Flushing Test Report | T47: / | U47: 4 | X47: Check all Vent and Drains are correctly installed | AN47: /
A50: 5 | D50: Punch List | R50: / | U50: 5 | X50: Check correct Valves have been fitted and are complete | AN50: /
A53: 6 | D53: Pressure and Temperature Gauge Calibration Certs. | R53: / | U53: 6 | X53: Check correct Flow through Valves and In Line Devices | AN53: /
A56: 7 | D56: NDT and Inspection Release Note (IRN) | T56: / | U56: 7 | X56: Check that all Instrument Connection are correctly Installed | AP56: /
A59: 8 | D59: Weld History Sheet completed | R59: / | U59: 8 | X59: Check all Pipe Support are fitted and complete | AN59: /
A62: 9 | D62: Test Medium Certificate | T62: / | U62: 9 | X62: Check that all pipe work is adequately supported for test | AN62: /
A65: 10 | D65: Site Technical Queries | T65: / | U65: 10 | X65: Check pressure and temp. gages are installed at correct location | AN65: /
A68: 11 | D68: Special Instruction | T68: / | U68: 11 | X68: Check that temperature recorder and pressure recorder installed | AP68: /
A71: 12 | D71: Pressure Testing procedure | R71: / | U71: 12 | X71: Check Safety Barricade and Warning Signs has installed | AN71: /
A74: 13 | D74: Pressure Test Chart Form approved | T74: / | U74: 13 | X74: Check Work permit has been issued by BJCHI HSE Department | AN74: /
A77: 14 | D77: Pressure Testing Report Form | R77: /
A80: 15 | D80: Mechanical Equipment's List Approved by Engineering | T80: /
A83: 16 | D83: Record of all Fittings are available | T83: /
A86: 17 | D86: Check PWHT, PMI and Ferrite Test reports are available | T86: /
A92: Note: When above Status indicates "NO" a punch list must be raised by QC and Pressure Test shall not be proceed.
A95: REVIEW & WITNESS.
A98: COMPLETED BY. | M98: BJCHI. | Y98: CIMTAS. | AL98: REPRESENTATIVE.
A103: NAME : | D103: Mr.Cholachai J. | M103: NAME : | P103: Mr.Cholachai J. | Y103: NAME : | AL103: NAME :
A106: POSITION : | M106: POSITION : | Y106: POSITION : | AL106: POSITION :
A109: SIGNATURE : | M109: SIGNATURE : | Y109: SIGNATURE : | AL109: SIGNATURE :
A112: DATE : | D112: =AN17 -> 46028 | M112: DATE : | P112: =AN17 -> 46028 | Y112: DATE : | AL112: DATE :

Sheet SECTION #9
D1: SECTION #9
A10: Project Name | D10: =Sheet1!D13 -> 5JEM2-TALLGRASS UNIT 2 | G10: Test Package No. | I10: =Sheet1!H$10 -> CT9-AC-MD-1.1-MBH02
A13: Description | D13: Pressure Gauge Calibration Certification | G13: =Sheet2!G13 -> Module Name | I13: =Sheet2!J13 -> MD-1.1
A16: System Name | D16: =Sheet1!D$22 -> INSTRUMENT AIR PIPING | G16: Piping System | I16: =Sheet1!D$19 -> 24A0A

Sheet SECTION #10
D1: SECTION #10
A10: Project Name | D10: =Sheet1!D13 -> 5JEM2-TALLGRASS UNIT 2 | G10: Test Package No. | I10: =Sheet1!H$10 -> CT9-AC-MD-1.1-MBH02
A13: Description | D13: Pressure Test Report | G13: =Sheet2!G13 -> Module Name | I13: =Sheet2!J13 -> MD-1.1
A16: System Name | D16: =Sheet1!D$22 -> INSTRUMENT AIR PIPING | G16: Piping System | I16: =Sheet1!D$19 -> 24A0A

Sheet SECTION #11
D1: SECTION #11
A10: Project Name | D10: =Sheet1!D13 -> 5JEM2-TALLGRASS UNIT 2 | G10: Test Package No. | I10: ='SECTION #10'!I10:J12 -> CT9-AC-MD-1.1-MBH02
A13: Description | D13: Paint Inspection Report (TOUCH-UP) | G13: =Sheet2!G13 -> Module Name | I13: =Sheet2!J13 -> MD-1.1
A16: System Name | D16: ='SECTION #9'!D16:F18 -> INSTRUMENT AIR PIPING | G16: Piping System | I16: ='SECTION #10'!I16:J18 -> 24A0A
C66: N/A

Sheet SECTION #12
D1: SECTION #12
A10: Project Name | D10: =Sheet1!D13 -> 5JEM2-TALLGRASS UNIT 2 | G10: Test Package No. | I10: =Sheet1!H$10 -> CT9-AC-MD-1.1-MBH02
A13: Description | D13: Insulation Check List | G13: =Sheet2!G13 -> Module Name | I13: =Sheet2!J13 -> MD-1.1
A16: System Name | D16: =Sheet1!D$22 -> INSTRUMENT AIR PIPING | G16: Piping System | I16: =Sheet1!D$19 -> 24A0A
C66: N/A

Sheet SECTION #13
D1: SECTION #13
A10: Project Name | D10: =Sheet1!D13 -> 5JEM2-TALLGRASS UNIT 2 | G10: Test Package No. | I10: =Sheet1!H$10 -> CT9-AC-MD-1.1-MBH02
A13: Description | D13: Piping Clening and Verification Record | G13: =Sheet2!G13 -> Module Name | I13: =Sheet2!J13 -> MD-1.1
A16: System Name | D16: =Sheet1!D$22 -> INSTRUMENT AIR PIPING | G16: Piping System | I16: =Sheet1!D$19 -> 24A0A

Sheet SECTION #14
D1: SECTION #14
A10: Project Name | D10: =Sheet1!D13 -> 5JEM2-TALLGRASS UNIT 2 | G10: Test Package No. | I10: =Sheet1!H$10 -> CT9-AC-MD-1.1-MBH02
A13: Description | D13: Piping Restoration Check List | G13: =Sheet2!G13 -> Module Name | I13: =Sheet2!J13 -> MD-1.1
A16: System Name | D16: =Sheet1!D$22 -> INSTRUMENT AIR PIPING | G16: Piping System | I16: =Sheet1!D$19 -> 24A0A
C66: N/A

Sheet SECTION #15
D1: SECTION #15
A10: Project Name | D10: =Sheet1!D13 -> 5JEM2-TALLGRASS UNIT 2 | G10: Test Package No. | I10: =Sheet1!H$10 -> CT9-AC-MD-1.1-MBH02
A13: Description | D13: Punch List | G13: =Sheet2!G13 -> Module Name | I13: =Sheet2!J13 -> MD-1.1
A16: System Name | D16: =Sheet1!D$22 -> INSTRUMENT AIR PIPING | G16: Piping System | I16: =Sheet1!D$19 -> 24A0A

Sheet Sheet6
R1: PROCESS PUNCH-LIST
A11: CLIENT: | I11: =Sheet1!D$10 -> CIMTAS (NINGBO) STEELPROCESSING.CO.,LTD. | AH11: REPORT NO. | AN11: =Sheet1!H10 -> CT9-AC-MD-1.1-MBH02
A14: PROJECT NO: | I14: =Sheet1!H$13 -> CT9 | AH14: PAGES: | AN14: 1 of 1
A17: PROJECT NAME: | I17: =Sheet1!D$13 -> 5JEM2-TALLGRASS UNIT 2 | AH17: INSPC' DATE: | AN17: 46028
A20: BLOCK/MODULE NAME/NO: | I20: =Sheet2!J13 -> MD-1.1 | AH20: LOCATION: | AN20: BJCHI
A23: PROCESS DISCIPLINE | I23: PIPING | AH23: TEST STAGE:
A29: ITEM NO. | D29: DRAWING NO. | I29: PUNCH-LIST DESCRIPTION | Z29: CATEGORY "A" "B" | AC29: STATUS OPEN / CLOSED | AG29: PUNCH CLOSING ACTION AND VERIFICATION | AP29: REMARKS
AG32: PROD SUP. | AJ32: QCI | AM32: CLIENT REP.
A35: 1 | D35: LM-02967 | I35: Pipe spool to be clean | Z35: B | AC35: CLOSED | AG35: Apichet | AJ35: Cholachai | AM35: Panom
A110: PUNCH-LIST DEFINITION OF TERMS
A113: "A" : Any subsequent operation or process cannot be performed until punch is closed. | Z113: "B" : Subsequent operation can be proceeding with discretion of project manager
A119: REVIEW & WITNESS.
A122: COMPLETED BY. | M122: BJCHI. | Y122: CIMTAS. | AL122: REPRESENTATIVE.
A127: NAME : | D127: Mr. Cholachai J. | M127: NAME : | O127: Mr.Cholachai J. | Y127: NAME : | AL127: NAME :
A130: POSITION : | M130: POSITION : | Y130: POSITION : | AL130: POSITION :
A133: SIGNATURE : | M133: SIGNATURE : | Y133: SIGNATURE : | AL133: SIGNATURE :
A136: DATE : | D136: =AN17+1 -> 46029 | M136: DATE : | O136: =AN17+1 -> 46029 | Y136: DATE : | AL136: DATE :
